<linker>
	<assembly fullname="System" preserve="all" />
	<assembly fullname="UnityEngine" preserve="all" />
  <assembly fullname="UnityEngine.AudioModule" preserve="all" />
	<assembly fullname="UnityEngine.CoreModule" preserve="all" />
	<assembly fullname="Assembly-CSharp" preserve="all" />
	<assembly fullname="mscorlib" preserve="all" />
	<assembly fullname="System.Core" preserve="all" />
  <assembly fullname="Cinemachine" preserve="all" />
	<assembly fullname="UnityEngine.TextRenderingModule">
		<type fullname="UnityEngine.TextMesh" preserve="all" />
	</assembly>
</linker>
